<?xml version="1.0" encoding="utf-8"?>
<Settings xmlns:xsd="http://www.w3.org/2001/XMLSchema" xmlns:xsi="http://www.w3.org/2001/XMLSchema-instance" SerializationVersion="4">
    <MaximumNumberOfSimultaneousConversions>2</MaximumNumberOfSimultaneousConversions>
    <ConversionPreset Name="To Mkv" OutputType="Mkv" IsDefaultSettings="true">
        <InputTypes>3gp</InputTypes>
        <InputTypes>avi</InputTypes>
        <InputTypes>bik</InputTypes>
        <InputTypes>flv</InputTypes>
        <InputTypes>m4v</InputTypes>
        <InputTypes>mkv</InputTypes>
        <InputTypes>mov</InputTypes>
        <InputTypes>mp4</InputTypes>
        <InputTypes>mpeg</InputTypes>
        <InputTypes>ogv</InputTypes>
        <InputTypes>webm</InputTypes>
        <InputTypes>wmv</InputTypes>
        <InputTypes>gif</InputTypes>
        <InputPostConversionAction>None</InputPostConversionAction>
        <Settings Key="EnableAudio" Value="True" />
        <Settings Key="VideoQuality" Value="30" />
        <Settings Key="VideoEncodingSpeed" Value="Medium" />
        <Settings Key="VideoScale" Value="1" />
        <Settings Key="VideoRotation" Value="0" />
        <Settings Key="AudioBitrate" Value="155" />
        <Settings Key="EnableFFMPEGCustomCommand" Value="False" />
        <Settings Key="FFMPEGCustomCommand" Value="" />
        <OutputFileNameTemplate>(p)(f)</OutputFileNameTemplate>
    </ConversionPreset>
    <ConversionPreset Name="To Mp4" OutputType="Mp4" IsDefaultSettings="true">
        <InputTypes>avi</InputTypes>
        <InputTypes>bik</InputTypes>
        <InputTypes>flv</InputTypes>
        <InputTypes>mkv</InputTypes>
        <InputTypes>mov</InputTypes>
        <InputTypes>mp4</InputTypes>
        <InputTypes>3gp</InputTypes>
        <InputTypes>webm</InputTypes>
        <InputTypes>wmv</InputTypes>
        <InputTypes>m4v</InputTypes>
        <InputTypes>mpeg</InputTypes>
        <InputTypes>ogv</InputTypes>
        <InputTypes>gif</InputTypes>
        <InputPostConversionAction>None</InputPostConversionAction>
        <Settings Key="EnableAudio" Value="True" />
        <Settings Key="VideoQuality" Value="30" />
        <Settings Key="VideoEncodingSpeed" Value="Medium" />
        <Settings Key="VideoScale" Value="1" />
        <Settings Key="VideoRotation" Value="0" />
        <Settings Key="AudioBitrate" Value="155" />
        <Settings Key="EnableFFMPEGCustomCommand" Value="False" />
        <Settings Key="FFMPEGCustomCommand" Value="" />
        <OutputFileNameTemplate>(p)(f)</OutputFileNameTemplate>
    </ConversionPreset>
    <ConversionPreset Name="To Mp4 (low quality)" OutputType="Mp4" IsDefaultSettings="true">
        <InputTypes>3gp</InputTypes>
        <InputTypes>avi</InputTypes>
        <InputTypes>bik</InputTypes>
        <InputTypes>flv</InputTypes>
        <InputTypes>m4v</InputTypes>
        <InputTypes>mkv</InputTypes>
        <InputTypes>mov</InputTypes>
        <InputTypes>mp4</InputTypes>
        <InputTypes>mpeg</InputTypes>
        <InputTypes>ogv</InputTypes>
        <InputTypes>webm</InputTypes>
        <InputTypes>wmv</InputTypes>
        <InputTypes>gif</InputTypes>
        <InputPostConversionAction>None</InputPostConversionAction>
        <Settings Key="EnableAudio" Value="True" />
        <Settings Key="VideoQuality" Value="20" />
        <Settings Key="VideoEncodingSpeed" Value="Medium" />
        <Settings Key="VideoScale" Value="1" />
        <Settings Key="VideoRotation" Value="0" />
        <Settings Key="AudioBitrate" Value="96" />
        <Settings Key="EnableFFMPEGCustomCommand" Value="False" />
        <Settings Key="FFMPEGCustomCommand" Value="" />
        <OutputFileNameTemplate>(p)(f)</OutputFileNameTemplate>
    </ConversionPreset>
    <ConversionPreset Name="To Webm" OutputType="Webm" IsDefaultSettings="true">
        <InputTypes>avi</InputTypes>
        <InputTypes>bik</InputTypes>
        <InputTypes>flv</InputTypes>
        <InputTypes>mkv</InputTypes>
        <InputTypes>mov</InputTypes>
        <InputTypes>mp4</InputTypes>
        <InputTypes>3gp</InputTypes>
        <InputTypes>webm</InputTypes>
        <InputTypes>wmv</InputTypes>
        <InputTypes>m4v</InputTypes>
        <InputTypes>mpeg</InputTypes>
        <InputTypes>ogv</InputTypes>
        <InputTypes>gif</InputTypes>
        <InputPostConversionAction>None</InputPostConversionAction>
        <Settings Key="EnableAudio" Value="True" />
        <Settings Key="AudioBitrate" Value="160" />
        <Settings Key="VideoQuality" Value="40" />
        <Settings Key="VideoScale" Value="1" />
        <Settings Key="VideoRotation" Value="0" />
        <Settings Key="EnableFFMPEGCustomCommand" Value="False" />
        <Settings Key="FFMPEGCustomCommand" Value="" />
        <OutputFileNameTemplate>(p)(f)</OutputFileNameTemplate>
    </ConversionPreset>
    <ConversionPreset Name="To Ogv" OutputType="Ogv" IsDefaultSettings="true">
        <InputTypes>3gp</InputTypes>
        <InputTypes>avi</InputTypes>
        <InputTypes>bik</InputTypes>
        <InputTypes>flv</InputTypes>
        <InputTypes>m4v</InputTypes>
        <InputTypes>mkv</InputTypes>
        <InputTypes>mov</InputTypes>
        <InputTypes>mp4</InputTypes>
        <InputTypes>mpeg</InputTypes>
        <InputTypes>ogv</InputTypes>
        <InputTypes>webm</InputTypes>
        <InputTypes>wmv</InputTypes>
        <InputTypes>gif</InputTypes>
        <InputPostConversionAction>None</InputPostConversionAction>
        <Settings Key="EnableAudio" Value="True" />
        <Settings Key="VideoQuality" Value="8" />
        <Settings Key="VideoScale" Value="1" />
        <Settings Key="VideoRotation" Value="0" />
        <Settings Key="AudioBitrate" Value="160" />
        <Settings Key="EnableFFMPEGCustomCommand" Value="False" />
        <Settings Key="FFMPEGCustomCommand" Value="" />
        <OutputFileNameTemplate>(p)(f)</OutputFileNameTemplate>
    </ConversionPreset>
    <ConversionPreset Name="To Avi" OutputType="Avi" IsDefaultSettings="true">
        <InputTypes>3gp</InputTypes>
        <InputTypes>avi</InputTypes>
        <InputTypes>bik</InputTypes>
        <InputTypes>flv</InputTypes>
        <InputTypes>m4v</InputTypes>
        <InputTypes>mkv</InputTypes>
        <InputTypes>mov</InputTypes>
        <InputTypes>mp4</InputTypes>
        <InputTypes>mpeg</InputTypes>
        <InputTypes>ogv</InputTypes>
        <InputTypes>webm</InputTypes>
        <InputTypes>wmv</InputTypes>
        <InputTypes>gif</InputTypes>
        <InputPostConversionAction>None</InputPostConversionAction>
        <Settings Key="EnableAudio" Value="True" />
        <Settings Key="VideoQuality" Value="27" />
        <Settings Key="VideoScale" Value="1" />
        <Settings Key="VideoRotation" Value="0" />
        <Settings Key="AudioBitrate" Value="190" />
        <Settings Key="EnableFFMPEGCustomCommand" Value="False" />
        <Settings Key="FFMPEGCustomCommand" Value="" />
        <OutputFileNameTemplate>(p)(f)</OutputFileNameTemplate>
    </ConversionPreset>
    <ConversionPreset Name="To Gif" OutputType="Gif" IsDefaultSettings="true">
        <InputTypes>arw</InputTypes>
        <InputTypes>bmp</InputTypes>
        <InputTypes>cr2</InputTypes>
        <InputTypes>exr</InputTypes>
        <InputTypes>ico</InputTypes>
        <InputTypes>jpg</InputTypes>
        <InputTypes>jpeg</InputTypes>
        <InputTypes>png</InputTypes>
        <InputTypes>psd</InputTypes>
        <InputTypes>raf</InputTypes>
        <InputTypes>svg</InputTypes>
        <InputTypes>tga</InputTypes>
        <InputTypes>tif</InputTypes>
        <InputTypes>tiff</InputTypes>
        <InputTypes>xcf</InputTypes>
        <InputTypes>3gp</InputTypes>
        <InputTypes>avi</InputTypes>
        <InputTypes>bik</InputTypes>
        <InputTypes>flv</InputTypes>
        <InputTypes>m4v</InputTypes>
        <InputTypes>mkv</InputTypes>
        <InputTypes>mov</InputTypes>
        <InputTypes>mp4</InputTypes>
        <InputTypes>mpeg</InputTypes>
        <InputTypes>ogv</InputTypes>
        <InputTypes>webm</InputTypes>
        <InputTypes>wmv</InputTypes>
        <InputTypes>gif</InputTypes>
        <InputTypes>webp</InputTypes>
        <InputPostConversionAction>None</InputPostConversionAction>
        <Settings Key="VideoScale" Value="1" />
        <Settings Key="VideoRotation" Value="0" />
        <Settings Key="VideoFramesPerSecond" Value="15" />
        <OutputFileNameTemplate>(p)(f)</OutputFileNameTemplate>
    </ConversionPreset>
    <ConversionPreset Name="To Gif (low quality)" OutputType="Gif" IsDefaultSettings="true">
        <InputTypes>arw</InputTypes>
        <InputTypes>bmp</InputTypes>
        <InputTypes>cr2</InputTypes>
        <InputTypes>exr</InputTypes>
        <InputTypes>ico</InputTypes>
        <InputTypes>jpg</InputTypes>
        <InputTypes>jpeg</InputTypes>
        <InputTypes>raf</InputTypes>
        <InputTypes>png</InputTypes>
        <InputTypes>psd</InputTypes>
        <InputTypes>svg</InputTypes>
        <InputTypes>tga</InputTypes>
        <InputTypes>tif</InputTypes>
        <InputTypes>tiff</InputTypes>
        <InputTypes>xcf</InputTypes>
        <InputTypes>3gp</InputTypes>
        <InputTypes>avi</InputTypes>
        <InputTypes>bik</InputTypes>
        <InputTypes>flv</InputTypes>
        <InputTypes>m4v</InputTypes>
        <InputTypes>mkv</InputTypes>
        <InputTypes>mov</InputTypes>
        <InputTypes>mp4</InputTypes>
        <InputTypes>mpeg</InputTypes>
        <InputTypes>ogv</InputTypes>
        <InputTypes>webm</InputTypes>
        <InputTypes>wmv</InputTypes>
        <InputTypes>gif</InputTypes>
        <InputTypes>webp</InputTypes>
        <InputPostConversionAction>None</InputPostConversionAction>
        <Settings Key="VideoScale" Value="0.75" />
        <Settings Key="VideoRotation" Value="0" />
        <Settings Key="VideoFramesPerSecond" Value="10" />
        <OutputFileNameTemplate>(p)(f)</OutputFileNameTemplate>
    </ConversionPreset>
    <ConversionPreset Name="To Ogg" OutputType="Ogg" IsDefaultSettings="true">
        <InputTypes>aac</InputTypes>
        <InputTypes>aiff</InputTypes>
        <InputTypes>ape</InputTypes>
        <InputTypes>flac</InputTypes>
        <InputTypes>m4a</InputTypes>
        <InputTypes>mp3</InputTypes>
        <InputTypes>wma</InputTypes>
        <InputTypes>wav</InputTypes>
        <InputTypes>3gp</InputTypes>
        <InputTypes>avi</InputTypes>
        <InputTypes>bik</InputTypes>
        <InputTypes>flv</InputTypes>
        <InputTypes>m4v</InputTypes>
        <InputTypes>mkv</InputTypes>
        <InputTypes>mov</InputTypes>
        <InputTypes>mp4</InputTypes>
        <InputTypes>mpeg</InputTypes>
        <InputTypes>ogv</InputTypes>
        <InputTypes>webm</InputTypes>
        <InputTypes>wmv</InputTypes>
        <InputTypes>oga</InputTypes>
        <InputPostConversionAction>None</InputPostConversionAction>
        <Settings Key="AudioBitrate" Value="160" />
        <Settings Key="AudioChannelCount" Value="0" />
        <Settings Key="EnableFFMPEGCustomCommand" Value="False" />
        <Settings Key="FFMPEGCustomCommand" Value="" />
        <OutputFileNameTemplate>(p)(f)</OutputFileNameTemplate>
    </ConversionPreset>
    <ConversionPreset Name="To Flac" OutputType="Flac" IsDefaultSettings="true">
        <InputTypes>wav</InputTypes>
        <InputTypes>ape</InputTypes>
        <InputTypes>wma</InputTypes>
        <InputTypes>aiff</InputTypes>
        <InputPostConversionAction>None</InputPostConversionAction>
        <Settings Key="AudioChannelCount" Value="0" />
        <Settings Key="EnableFFMPEGCustomCommand" Value="False" />
        <Settings Key="FFMPEGCustomCommand" Value="" />
        <OutputFileNameTemplate>(p)(f)</OutputFileNameTemplate>
    </ConversionPreset>
    <ConversionPreset Name="To Wav" OutputType="Wav" IsDefaultSettings="true">
        <InputTypes>aac</InputTypes>
        <InputTypes>aiff</InputTypes>
        <InputTypes>ape</InputTypes>
        <InputTypes>flac</InputTypes>
        <InputTypes>m4a</InputTypes>
        <InputTypes>mp3</InputTypes>
        <InputTypes>ogg</InputTypes>
        <InputTypes>wma</InputTypes>
        <InputTypes>avi</InputTypes>
        <InputTypes>bik</InputTypes>
        <InputTypes>flv</InputTypes>
        <InputTypes>mkv</InputTypes>
        <InputTypes>mov</InputTypes>
        <InputTypes>mp4</InputTypes>
        <InputTypes>3gp</InputTypes>
        <InputTypes>webm</InputTypes>
        <InputTypes>wmv</InputTypes>
        <InputTypes>m4v</InputTypes>
        <InputTypes>oga</InputTypes>
        <InputTypes>ogv</InputTypes>
        <InputTypes>mpeg</InputTypes>
        <InputPostConversionAction>None</InputPostConversionAction>
        <Settings Key="AudioEncodingMode" Value="Wav16" />
        <Settings Key="AudioChannelCount" Value="0" />
        <Settings Key="EnableFFMPEGCustomCommand" Value="False" />
        <Settings Key="FFMPEGCustomCommand" Value="" />
        <OutputFileNameTemplate>(p)(f)</OutputFileNameTemplate>
    </ConversionPreset>
    <ConversionPreset Name="To Mp3" OutputType="Mp3" IsDefaultSettings="true">
        <InputTypes>aac</InputTypes>
        <InputTypes>aiff</InputTypes>
        <InputTypes>ape</InputTypes>
        <InputTypes>flac</InputTypes>
        <InputTypes>m4a</InputTypes>
        <InputTypes>ogg</InputTypes>
        <InputTypes>wma</InputTypes>
        <InputTypes>avi</InputTypes>
        <InputTypes>bik</InputTypes>
        <InputTypes>flv</InputTypes>
        <InputTypes>mkv</InputTypes>
        <InputTypes>mov</InputTypes>
        <InputTypes>mp4</InputTypes>
        <InputTypes>wav</InputTypes>
        <InputTypes>3gp</InputTypes>
        <InputTypes>webm</InputTypes>
        <InputTypes>wmv</InputTypes>
        <InputTypes>m4v</InputTypes>
        <InputTypes>mpeg</InputTypes>
        <InputTypes>ogv</InputTypes>
        <InputTypes>oga</InputTypes>
        <InputPostConversionAction>None</InputPostConversionAction>
        <Settings Key="AudioEncodingMode" Value="Mp3VBR" />
        <Settings Key="AudioBitrate" Value="190" />
        <Settings Key="AudioChannelCount" Value="0" />
        <Settings Key="EnableFFMPEGCustomCommand" Value="False" />
        <Settings Key="FFMPEGCustomCommand" Value="" />
        <OutputFileNameTemplate>(p)(f)</OutputFileNameTemplate>
    </ConversionPreset>
    <ConversionPreset Name="To Aac" OutputType="Aac" IsDefaultSettings="true">
        <InputTypes>aiff</InputTypes>
        <InputTypes>ape</InputTypes>
        <InputTypes>m4a</InputTypes>
        <InputTypes>mp3</InputTypes>
        <InputTypes>ogg</InputTypes>
        <InputTypes>wma</InputTypes>
        <InputTypes>avi</InputTypes>
        <InputTypes>bik</InputTypes>
        <InputTypes>flv</InputTypes>
        <InputTypes>mkv</InputTypes>
        <InputTypes>mov</InputTypes>
        <InputTypes>mp4</InputTypes>
        <InputTypes>wav</InputTypes>
        <InputTypes>flac</InputTypes>
        <InputTypes>3gp</InputTypes>
        <InputTypes>webm</InputTypes>
        <InputTypes>wmv</InputTypes>
        <InputTypes>m4v</InputTypes>
        <InputTypes>mpeg</InputTypes>
        <InputTypes>ogv</InputTypes>
        <InputTypes>oga</InputTypes>
        <InputPostConversionAction>None</InputPostConversionAction>
        <Settings Key="AudioBitrate" Value="128" />
        <Settings Key="AudioChannelCount" Value="0" />
        <Settings Key="EnableFFMPEGCustomCommand" Value="False" />
        <Settings Key="FFMPEGCustomCommand" Value="" />
        <OutputFileNameTemplate>(p)(f)</OutputFileNameTemplate>
    </ConversionPreset>
    <ConversionPreset Name="Extract DVD to Mp4" OutputType="Mp4" IsDefaultSettings="true">
        <InputTypes>vob</InputTypes>
        <InputPostConversionAction>None</InputPostConversionAction>
        <Settings Key="EnableAudio" Value="True" />
        <Settings Key="VideoQuality" Value="30" />
        <Settings Key="VideoEncodingSpeed" Value="Medium" />
        <Settings Key="VideoScale" Value="1" />
        <Settings Key="VideoRotation" Value="0" />
        <Settings Key="AudioBitrate" Value="155" />
        <Settings Key="EnableFFMPEGCustomCommand" Value="False" />
        <Settings Key="FFMPEGCustomCommand" Value="" />
        <OutputFileNameTemplate>(p:v)DVD Extraction\(f)</OutputFileNameTemplate>
    </ConversionPreset>
    <ConversionPreset Name="Extract DVD to Mkv" OutputType="Mkv" IsDefaultSettings="true">
        <InputTypes>vob</InputTypes>
        <InputPostConversionAction>None</InputPostConversionAction>
        <Settings Key="EnableAudio" Value="True" />
        <Settings Key="VideoQuality" Value="30" />
        <Settings Key="VideoEncodingSpeed" Value="Medium" />
        <Settings Key="VideoScale" Value="1" />
        <Settings Key="VideoRotation" Value="0" />
        <Settings Key="AudioBitrate" Value="155" />
        <Settings Key="EnableFFMPEGCustomCommand" Value="False" />
        <Settings Key="FFMPEGCustomCommand" Value="" />
        <OutputFileNameTemplate>(p:v)DVD Extraction\(f)</OutputFileNameTemplate>
    </ConversionPreset>
    <ConversionPreset Name="Extract DVD to Flac" OutputType="Flac" IsDefaultSettings="true">
        <InputTypes>vob</InputTypes>
        <InputPostConversionAction>None</InputPostConversionAction>
        <Settings Key="AudioChannelCount" Value="0" />
        <Settings Key="EnableFFMPEGCustomCommand" Value="False" />
        <Settings Key="FFMPEGCustomCommand" Value="" />
        <OutputFileNameTemplate>(p:m)DVD Extraction\(f)</OutputFileNameTemplate>
    </ConversionPreset>
    <ConversionPreset Name="Extract DVD to Ogg" OutputType="Ogg" IsDefaultSettings="true">
        <InputTypes>vob</InputTypes>
        <InputPostConversionAction>None</InputPostConversionAction>
        <Settings Key="AudioBitrate" Value="192" />
        <Settings Key="AudioChannelCount" Value="0" />
        <Settings Key="EnableFFMPEGCustomCommand" Value="False" />
        <Settings Key="FFMPEGCustomCommand" Value="" />
        <OutputFileNameTemplate>(p:m)DVD Extraction\(f)</OutputFileNameTemplate>
    </ConversionPreset>
    <ConversionPreset Name="Extract DVD to Mp3" OutputType="Mp3" IsDefaultSettings="true">
        <InputTypes>vob</InputTypes>
        <InputPostConversionAction>None</InputPostConversionAction>
        <Settings Key="AudioEncodingMode" Value="Mp3VBR" />
        <Settings Key="AudioBitrate" Value="225" />
        <Settings Key="AudioChannelCount" Value="0" />
        <Settings Key="EnableFFMPEGCustomCommand" Value="False" />
        <Settings Key="FFMPEGCustomCommand" Value="" />
        <OutputFileNameTemplate>(p:m)DVD Extraction\(f)</OutputFileNameTemplate>
    </ConversionPreset>
    <ConversionPreset Name="Extract CDA to Flac" OutputType="Flac" IsDefaultSettings="true">
        <InputTypes>cda</InputTypes>
        <InputPostConversionAction>None</InputPostConversionAction>
        <Settings Key="AudioChannelCount" Value="0" />
        <Settings Key="EnableFFMPEGCustomCommand" Value="False" />
        <Settings Key="FFMPEGCustomCommand" Value="" />
        <OutputFileNameTemplate>(p:m)CDA Extraction\(f)</OutputFileNameTemplate>
    </ConversionPreset>
    <ConversionPreset Name="Extract CDA to Ogg" OutputType="Ogg" IsDefaultSettings="true">
        <InputTypes>cda</InputTypes>
        <InputPostConversionAction>None</InputPostConversionAction>
        <Settings Key="AudioBitrate" Value="192" />
        <Settings Key="AudioChannelCount" Value="0" />
        <Settings Key="EnableFFMPEGCustomCommand" Value="False" />
        <Settings Key="FFMPEGCustomCommand" Value="" />
        <OutputFileNameTemplate>(p:m)CDA Extraction\(f)</OutputFileNameTemplate>
    </ConversionPreset>
    <ConversionPreset Name="Extract CDA to Mp3" OutputType="Mp3" IsDefaultSettings="true">
        <InputTypes>cda</InputTypes>
        <InputPostConversionAction>None</InputPostConversionAction>
        <Settings Key="AudioEncodingMode" Value="Mp3VBR" />
        <Settings Key="AudioBitrate" Value="225" />
        <Settings Key="AudioChannelCount" Value="0" />
        <Settings Key="EnableFFMPEGCustomCommand" Value="False" />
        <Settings Key="FFMPEGCustomCommand" Value="" />
        <OutputFileNameTemplate>(p:m)CDA Extraction\(f)</OutputFileNameTemplate>
    </ConversionPreset>
    <ConversionPreset Name="To Png" OutputType="Png" IsDefaultSettings="true">
        <InputTypes>arw</InputTypes>
        <InputTypes>bmp</InputTypes>
        <InputTypes>cr2</InputTypes>
        <InputTypes>exr</InputTypes>
        <InputTypes>ico</InputTypes>
        <InputTypes>jpg</InputTypes>
        <InputTypes>jpeg</InputTypes>
        <InputTypes>raf</InputTypes>
        <InputTypes>png</InputTypes>
        <InputTypes>psd</InputTypes>
        <InputTypes>svg</InputTypes>
        <InputTypes>tga</InputTypes>
        <InputTypes>tif</InputTypes>
        <InputTypes>tiff</InputTypes>
        <InputTypes>xcf</InputTypes>
        <InputTypes>webp</InputTypes>
        <InputTypes>dng</InputTypes>
        <InputTypes>nef</InputTypes>
        <InputPostConversionAction>None</InputPostConversionAction>
        <Settings Key="ImageScale" Value="1" />
        <Settings Key="ImageRotation" Value="0" />
        <Settings Key="ImageClampSizePowerOf2" Value="False" />
        <Settings Key="ImageMaximumSize" Value="0" />
        <OutputFileNameTemplate>(p)(f)</OutputFileNameTemplate>
    </ConversionPreset>
    <ConversionPreset Name="To Png (paged)" OutputType="Png" IsDefaultSettings="true">
        <InputTypes>xcf</InputTypes>
        <InputTypes>doc</InputTypes>
        <InputTypes>docx</InputTypes>
        <InputTypes>odp</InputTypes>
        <InputTypes>ods</InputTypes>
        <InputTypes>odt</InputTypes>
        <InputTypes>pdf</InputTypes>
        <InputTypes>ppt</InputTypes>
        <InputTypes>pptx</InputTypes>
        <InputTypes>xls</InputTypes>
        <InputTypes>xlsx</InputTypes>
        <InputPostConversionAction>None</InputPostConversionAction>
        <Settings Key="ImageScale" Value="1" />
        <Settings Key="ImageRotation" Value="0" />
        <Settings Key="ImageClampSizePowerOf2" Value="False" />
        <Settings Key="ImageMaximumSize" Value="0" />
        <OutputFileNameTemplate>(p)(f) (n:i) of (n:c)</OutputFileNameTemplate>
    </ConversionPreset>
    <ConversionPreset Name="To Webp" OutputType="Webp" IsDefaultSettings="true">
        <InputTypes>arw</InputTypes>
        <InputTypes>bmp</InputTypes>
        <InputTypes>cr2</InputTypes>
        <InputTypes>exr</InputTypes>
        <InputTypes>ico</InputTypes>
        <InputTypes>jpg</InputTypes>
        <InputTypes>jpeg</InputTypes>
        <InputTypes>raf</InputTypes>
        <InputTypes>png</InputTypes>
        <InputTypes>psd</InputTypes>
        <InputTypes>svg</InputTypes>
        <InputTypes>tga</InputTypes>
        <InputTypes>tif</InputTypes>
        <InputTypes>tiff</InputTypes>
        <InputTypes>xcf</InputTypes>
        <InputTypes>webp</InputTypes>
        <InputTypes>dng</InputTypes>
        <InputTypes>nef</InputTypes>
        <InputPostConversionAction>None</InputPostConversionAction>
        <Settings Key="ImageQuality" Value="40" />
        <Settings Key="ImageScale" Value="1" />
        <Settings Key="ImageRotation" Value="0" />
        <Settings Key="ImageClampSizePowerOf2" Value="False" />
        <Settings Key="ImageMaximumSize" Value="0" />
        <OutputFileNameTemplate>(p)(f)</OutputFileNameTemplate>
    </ConversionPreset>
    <ConversionPreset Name="To Jpg" OutputType="Jpg" IsDefaultSettings="true">
        <InputTypes>arw</InputTypes>
        <InputTypes>bmp</InputTypes>
        <InputTypes>cr2</InputTypes>
        <InputTypes>exr</InputTypes>
        <InputTypes>ico</InputTypes>
        <InputTypes>jpg</InputTypes>
        <InputTypes>jpeg</InputTypes>
        <InputTypes>raf</InputTypes>
        <InputTypes>png</InputTypes>
        <InputTypes>psd</InputTypes>
        <InputTypes>svg</InputTypes>
        <InputTypes>tga</InputTypes>
        <InputTypes>tif</InputTypes>
        <InputTypes>tiff</InputTypes>
        <InputTypes>xcf</InputTypes>
        <InputTypes>webp</InputTypes>
        <InputTypes>dng</InputTypes>
        <InputTypes>nef</InputTypes>
        <InputPostConversionAction>None</InputPostConversionAction>
        <Settings Key="ImageQuality" Value="40" />
        <Settings Key="ImageScale" Value="1" />
        <Settings Key="ImageRotation" Value="0" />
        <Settings Key="ImageClampSizePowerOf2" Value="False" />
        <Settings Key="ImageMaximumSize" Value="0" />
        <OutputFileNameTemplate>(p)(f)</OutputFileNameTemplate>
    </ConversionPreset>
    <ConversionPreset Name="To Ico" OutputType="Ico" IsDefaultSettings="true">
        <InputTypes>bmp</InputTypes>
        <InputTypes>cr2</InputTypes>
        <InputTypes>exr</InputTypes>
        <InputTypes>ico</InputTypes>
        <InputTypes>jpg</InputTypes>
        <InputTypes>jpeg</InputTypes>
        <InputTypes>png</InputTypes>
        <InputTypes>psd</InputTypes>
        <InputTypes>svg</InputTypes>
        <InputTypes>tga</InputTypes>
        <InputTypes>tif</InputTypes>
        <InputTypes>tiff</InputTypes>
        <InputTypes>xcf</InputTypes>
        <InputTypes>webp</InputTypes>
        <InputPostConversionAction>None</InputPostConversionAction>
        <OutputFileNameTemplate>(p)(f)</OutputFileNameTemplate>
    </ConversionPreset>
    <ConversionPreset Name="To Pdf" OutputType="Pdf" IsDefaultSettings="true">
        <InputTypes>arw</InputTypes>
        <InputTypes>cr2</InputTypes>
        <InputTypes>bmp</InputTypes>
        <InputTypes>exr</InputTypes>
        <InputTypes>jpg</InputTypes>
        <InputTypes>jpeg</InputTypes>
        <InputTypes>raf</InputTypes>
        <InputTypes>png</InputTypes>
        <InputTypes>psd</InputTypes>
        <InputTypes>svg</InputTypes>
        <InputTypes>tga</InputTypes>
        <InputTypes>tif</InputTypes>
        <InputTypes>tiff</InputTypes>
        <InputTypes>xcf</InputTypes>
        <InputTypes>webp</InputTypes>
        <InputTypes>doc</InputTypes>
        <InputTypes>docx</InputTypes>
        <InputTypes>odp</InputTypes>
        <InputTypes>ods</InputTypes>
        <InputTypes>odt</InputTypes>
        <InputTypes>ppt</InputTypes>
        <InputTypes>pptx</InputTypes>
        <InputTypes>xls</InputTypes>
        <InputTypes>xlsx</InputTypes>
        <InputTypes>dng</InputTypes>
        <InputTypes>nef</InputTypes>
        <InputPostConversionAction>None</InputPostConversionAction>
        <OutputFileNameTemplate>(p)(f)</OutputFileNameTemplate>
    </ConversionPreset>
    <ConversionPreset Name="Scale 75%/To Mkv" OutputType="Mkv" IsDefaultSettings="true">
        <InputTypes>3gp</InputTypes>
        <InputTypes>avi</InputTypes>
        <InputTypes>bik</InputTypes>
        <InputTypes>flv</InputTypes>
        <InputTypes>m4v</InputTypes>
        <InputTypes>mkv</InputTypes>
        <InputTypes>mov</InputTypes>
        <InputTypes>mp4</InputTypes>
        <InputTypes>mpeg</InputTypes>
        <InputTypes>ogv</InputTypes>
        <InputTypes>webm</InputTypes>
        <InputTypes>wmv</InputTypes>
        <InputTypes>gif</InputTypes>
        <InputPostConversionAction>None</InputPostConversionAction>
        <Settings Key="EnableAudio" Value="True" />
        <Settings Key="VideoQuality" Value="30" />
        <Settings Key="VideoEncodingSpeed" Value="Medium" />
        <Settings Key="VideoScale" Value="0.75" />
        <Settings Key="VideoRotation" Value="0" />
        <Settings Key="AudioBitrate" Value="155" />
        <Settings Key="EnableFFMPEGCustomCommand" Value="False" />
        <Settings Key="FFMPEGCustomCommand" Value="" />
        <OutputFileNameTemplate>(p)(f)</OutputFileNameTemplate>
    </ConversionPreset>
    <ConversionPreset Name="Scale 75%/To Mp4" OutputType="Mp4" IsDefaultSettings="true">
        <InputTypes>gif</InputTypes>
        <InputTypes>3gp</InputTypes>
        <InputTypes>avi</InputTypes>
        <InputTypes>bik</InputTypes>
        <InputTypes>flv</InputTypes>
        <InputTypes>m4v</InputTypes>
        <InputTypes>mkv</InputTypes>
        <InputTypes>mov</InputTypes>
        <InputTypes>mp4</InputTypes>
        <InputTypes>mpeg</InputTypes>
        <InputTypes>ogv</InputTypes>
        <InputTypes>webm</InputTypes>
        <InputTypes>wmv</InputTypes>
        <InputPostConversionAction>None</InputPostConversionAction>
        <Settings Key="EnableAudio" Value="True" />
        <Settings Key="VideoQuality" Value="30" />
        <Settings Key="VideoEncodingSpeed" Value="Medium" />
        <Settings Key="VideoScale" Value="0.75" />
        <Settings Key="VideoRotation" Value="90" />
        <Settings Key="AudioBitrate" Value="155" />
        <Settings Key="EnableFFMPEGCustomCommand" Value="False" />
        <Settings Key="FFMPEGCustomCommand" Value="" />
        <OutputFileNameTemplate>(p)(f)</OutputFileNameTemplate>
    </ConversionPreset>
    <ConversionPreset Name="Scale 75%/To Webm" OutputType="Webm" IsDefaultSettings="true">
        <InputTypes>avi</InputTypes>
        <InputTypes>bik</InputTypes>
        <InputTypes>flv</InputTypes>
        <InputTypes>mkv</InputTypes>
        <InputTypes>mov</InputTypes>
        <InputTypes>mp4</InputTypes>
        <InputTypes>3gp</InputTypes>
        <InputTypes>webm</InputTypes>
        <InputTypes>wmv</InputTypes>
        <InputTypes>m4v</InputTypes>
        <InputTypes>mpeg</InputTypes>
        <InputTypes>ogv</InputTypes>
        <InputTypes>gif</InputTypes>
        <InputPostConversionAction>None</InputPostConversionAction>
        <Settings Key="EnableAudio" Value="True" />
        <Settings Key="AudioBitrate" Value="160" />
        <Settings Key="VideoQuality" Value="40" />
        <Settings Key="VideoScale" Value="0.75" />
        <Settings Key="VideoRotation" Value="0" />
        <Settings Key="EnableFFMPEGCustomCommand" Value="False" />
        <Settings Key="FFMPEGCustomCommand" Value="" />
        <OutputFileNameTemplate>(p)(f)</OutputFileNameTemplate>
    </ConversionPreset>
    <ConversionPreset Name="Scale 75%/To Ogv" OutputType="Ogv" IsDefaultSettings="true">
        <InputTypes>3gp</InputTypes>
        <InputTypes>avi</InputTypes>
        <InputTypes>bik</InputTypes>
        <InputTypes>flv</InputTypes>
        <InputTypes>m4v</InputTypes>
        <InputTypes>mkv</InputTypes>
        <InputTypes>mov</InputTypes>
        <InputTypes>mp4</InputTypes>
        <InputTypes>mpeg</InputTypes>
        <InputTypes>ogv</InputTypes>
        <InputTypes>webm</InputTypes>
        <InputTypes>wmv</InputTypes>
        <InputTypes>gif</InputTypes>
        <InputPostConversionAction>None</InputPostConversionAction>
        <Settings Key="EnableAudio" Value="True" />
        <Settings Key="VideoQuality" Value="8" />
        <Settings Key="VideoScale" Value="0.75" />
        <Settings Key="VideoRotation" Value="0" />
        <Settings Key="AudioBitrate" Value="160" />
        <Settings Key="EnableFFMPEGCustomCommand" Value="False" />
        <Settings Key="FFMPEGCustomCommand" Value="" />
        <OutputFileNameTemplate>(p)(f)</OutputFileNameTemplate>
    </ConversionPreset>
    <ConversionPreset Name="Scale 75%/To Avi" OutputType="Avi" IsDefaultSettings="true">
        <InputTypes>3gp</InputTypes>
        <InputTypes>avi</InputTypes>
        <InputTypes>bik</InputTypes>
        <InputTypes>flv</InputTypes>
        <InputTypes>m4v</InputTypes>
        <InputTypes>mkv</InputTypes>
        <InputTypes>mov</InputTypes>
        <InputTypes>mp4</InputTypes>
        <InputTypes>mpeg</InputTypes>
        <InputTypes>ogv</InputTypes>
        <InputTypes>webm</InputTypes>
        <InputTypes>wmv</InputTypes>
        <InputTypes>gif</InputTypes>
        <InputPostConversionAction>None</InputPostConversionAction>
        <Settings Key="EnableAudio" Value="True" />
        <Settings Key="VideoQuality" Value="27" />
        <Settings Key="VideoScale" Value="0.75" />
        <Settings Key="VideoRotation" Value="0" />
        <Settings Key="AudioBitrate" Value="190" />
        <Settings Key="EnableFFMPEGCustomCommand" Value="False" />
        <Settings Key="FFMPEGCustomCommand" Value="" />
        <OutputFileNameTemplate>(p)(f)</OutputFileNameTemplate>
    </ConversionPreset>
    <ConversionPreset Name="Scale 75%/To Png" OutputType="Png" IsDefaultSettings="true">
        <InputTypes>arw</InputTypes>
        <InputTypes>bmp</InputTypes>
        <InputTypes>cr2</InputTypes>
        <InputTypes>exr</InputTypes>
        <InputTypes>ico</InputTypes>
        <InputTypes>jpg</InputTypes>
        <InputTypes>jpeg</InputTypes>
        <InputTypes>raf</InputTypes>
        <InputTypes>png</InputTypes>
        <InputTypes>psd</InputTypes>
        <InputTypes>svg</InputTypes>
        <InputTypes>tga</InputTypes>
        <InputTypes>tif</InputTypes>
        <InputTypes>tiff</InputTypes>
        <InputTypes>xcf</InputTypes>
        <InputTypes>webp</InputTypes>
        <InputTypes>dng</InputTypes>
        <InputTypes>nef</InputTypes>
        <InputPostConversionAction>None</InputPostConversionAction>
        <Settings Key="ImageScale" Value="0.75" />
        <Settings Key="ImageRotation" Value="0" />
        <Settings Key="ImageClampSizePowerOf2" Value="False" />
        <Settings Key="ImageMaximumSize" Value="0" />
        <OutputFileNameTemplate>(p)(f)-small</OutputFileNameTemplate>
    </ConversionPreset>
    <ConversionPreset Name="Scale 75%/To Webp" OutputType="Webp" IsDefaultSettings="true">
        <InputTypes>arw</InputTypes>
        <InputTypes>bmp</InputTypes>
        <InputTypes>cr2</InputTypes>
        <InputTypes>exr</InputTypes>
        <InputTypes>ico</InputTypes>
        <InputTypes>jpg</InputTypes>
        <InputTypes>jpeg</InputTypes>
        <InputTypes>raf</InputTypes>
        <InputTypes>png</InputTypes>
        <InputTypes>psd</InputTypes>
        <InputTypes>svg</InputTypes>
        <InputTypes>tga</InputTypes>
        <InputTypes>tif</InputTypes>
        <InputTypes>tiff</InputTypes>
        <InputTypes>xcf</InputTypes>
        <InputTypes>webp</InputTypes>
        <InputTypes>dng</InputTypes>
        <InputTypes>nef</InputTypes>
        <InputPostConversionAction>None</InputPostConversionAction>
        <Settings Key="ImageQuality" Value="40" />
        <Settings Key="ImageScale" Value="0.75" />
        <Settings Key="ImageRotation" Value="0" />
        <Settings Key="ImageClampSizePowerOf2" Value="False" />
        <Settings Key="ImageMaximumSize" Value="0" />
        <OutputFileNameTemplate>(p)(f)</OutputFileNameTemplate>
    </ConversionPreset>
    <ConversionPreset Name="Scale 75%/To Jpg" OutputType="Jpg" IsDefaultSettings="true">
        <InputTypes>arw</InputTypes>
        <InputTypes>bmp</InputTypes>
        <InputTypes>cr2</InputTypes>
        <InputTypes>exr</InputTypes>
        <InputTypes>ico</InputTypes>
        <InputTypes>jpg</InputTypes>
        <InputTypes>jpeg</InputTypes>
        <InputTypes>raf</InputTypes>
        <InputTypes>png</InputTypes>
        <InputTypes>psd</InputTypes>
        <InputTypes>svg</InputTypes>
        <InputTypes>tga</InputTypes>
        <InputTypes>tif</InputTypes>
        <InputTypes>tiff</InputTypes>
        <InputTypes>xcf</InputTypes>
        <InputTypes>webp</InputTypes>
        <InputTypes>dng</InputTypes>
        <InputTypes>nef</InputTypes>
        <InputPostConversionAction>None</InputPostConversionAction>
        <Settings Key="ImageQuality" Value="40" />
        <Settings Key="ImageScale" Value="0.75" />
        <Settings Key="ImageRotation" Value="0" />
        <Settings Key="ImageClampSizePowerOf2" Value="False" />
        <Settings Key="ImageMaximumSize" Value="0" />
        <OutputFileNameTemplate>(p)(f)</OutputFileNameTemplate>
    </ConversionPreset>
    <ConversionPreset Name="Scale 25%/To Mkv" OutputType="Mkv" IsDefaultSettings="true">
        <InputTypes>3gp</InputTypes>
        <InputTypes>avi</InputTypes>
        <InputTypes>bik</InputTypes>
        <InputTypes>flv</InputTypes>
        <InputTypes>m4v</InputTypes>
        <InputTypes>mkv</InputTypes>
        <InputTypes>mov</InputTypes>
        <InputTypes>mp4</InputTypes>
        <InputTypes>mpeg</InputTypes>
        <InputTypes>ogv</InputTypes>
        <InputTypes>webm</InputTypes>
        <InputTypes>wmv</InputTypes>
        <InputTypes>gif</InputTypes>
        <InputPostConversionAction>None</InputPostConversionAction>
        <Settings Key="EnableAudio" Value="True" />
        <Settings Key="VideoQuality" Value="30" />
        <Settings Key="VideoEncodingSpeed" Value="Medium" />
        <Settings Key="VideoScale" Value="0.25" />
        <Settings Key="VideoRotation" Value="0" />
        <Settings Key="AudioBitrate" Value="155" />
        <Settings Key="EnableFFMPEGCustomCommand" Value="False" />
        <Settings Key="FFMPEGCustomCommand" Value="" />
        <OutputFileNameTemplate>(p)(f)</OutputFileNameTemplate>
    </ConversionPreset>
    <ConversionPreset Name="Scale 25%/To Mp4" OutputType="Mp4" IsDefaultSettings="true">
        <InputTypes>gif</InputTypes>
        <InputTypes>3gp</InputTypes>
        <InputTypes>avi</InputTypes>
        <InputTypes>bik</InputTypes>
        <InputTypes>flv</InputTypes>
        <InputTypes>m4v</InputTypes>
        <InputTypes>mkv</InputTypes>
        <InputTypes>mov</InputTypes>
        <InputTypes>mp4</InputTypes>
        <InputTypes>mpeg</InputTypes>
        <InputTypes>ogv</InputTypes>
        <InputTypes>webm</InputTypes>
        <InputTypes>wmv</InputTypes>
        <InputPostConversionAction>None</InputPostConversionAction>
        <Settings Key="EnableAudio" Value="True" />
        <Settings Key="VideoQuality" Value="30" />
        <Settings Key="VideoEncodingSpeed" Value="Medium" />
        <Settings Key="VideoScale" Value="0.25" />
        <Settings Key="VideoRotation" Value="90" />
        <Settings Key="AudioBitrate" Value="155" />
        <Settings Key="EnableFFMPEGCustomCommand" Value="False" />
        <Settings Key="FFMPEGCustomCommand" Value="" />
        <OutputFileNameTemplate>(p)(f)</OutputFileNameTemplate>
    </ConversionPreset>
    <ConversionPreset Name="Scale 25%/To Webm" OutputType="Webm" IsDefaultSettings="true">
        <InputTypes>avi</InputTypes>
        <InputTypes>bik</InputTypes>
        <InputTypes>flv</InputTypes>
        <InputTypes>mkv</InputTypes>
        <InputTypes>mov</InputTypes>
        <InputTypes>mp4</InputTypes>
        <InputTypes>3gp</InputTypes>
        <InputTypes>webm</InputTypes>
        <InputTypes>wmv</InputTypes>
        <InputTypes>m4v</InputTypes>
        <InputTypes>mpeg</InputTypes>
        <InputTypes>ogv</InputTypes>
        <InputTypes>gif</InputTypes>
        <InputPostConversionAction>None</InputPostConversionAction>
        <Settings Key="EnableAudio" Value="True" />
        <Settings Key="AudioBitrate" Value="160" />
        <Settings Key="VideoQuality" Value="40" />
        <Settings Key="VideoScale" Value="0.25" />
        <Settings Key="VideoRotation" Value="0" />
        <Settings Key="EnableFFMPEGCustomCommand" Value="False" />
        <Settings Key="FFMPEGCustomCommand" Value="" />
        <OutputFileNameTemplate>(p)(f)</OutputFileNameTemplate>
    </ConversionPreset>
    <ConversionPreset Name="Scale 25%/To Ogv" OutputType="Ogv" IsDefaultSettings="true">
        <InputTypes>3gp</InputTypes>
        <InputTypes>avi</InputTypes>
        <InputTypes>bik</InputTypes>
        <InputTypes>flv</InputTypes>
        <InputTypes>m4v</InputTypes>
        <InputTypes>mkv</InputTypes>
        <InputTypes>mov</InputTypes>
        <InputTypes>mp4</InputTypes>
        <InputTypes>mpeg</InputTypes>
        <InputTypes>ogv</InputTypes>
        <InputTypes>webm</InputTypes>
        <InputTypes>wmv</InputTypes>
        <InputTypes>gif</InputTypes>
        <InputPostConversionAction>None</InputPostConversionAction>
        <Settings Key="EnableAudio" Value="True" />
        <Settings Key="VideoQuality" Value="8" />
        <Settings Key="VideoScale" Value="0.25" />
        <Settings Key="VideoRotation" Value="0" />
        <Settings Key="AudioBitrate" Value="160" />
        <Settings Key="EnableFFMPEGCustomCommand" Value="False" />
        <Settings Key="FFMPEGCustomCommand" Value="" />
        <OutputFileNameTemplate>(p)(f)</OutputFileNameTemplate>
    </ConversionPreset>
    <ConversionPreset Name="Scale 25%/To Avi" OutputType="Avi" IsDefaultSettings="true">
        <InputTypes>3gp</InputTypes>
        <InputTypes>avi</InputTypes>
        <InputTypes>bik</InputTypes>
        <InputTypes>flv</InputTypes>
        <InputTypes>m4v</InputTypes>
        <InputTypes>mkv</InputTypes>
        <InputTypes>mov</InputTypes>
        <InputTypes>mp4</InputTypes>
        <InputTypes>mpeg</InputTypes>
        <InputTypes>ogv</InputTypes>
        <InputTypes>webm</InputTypes>
        <InputTypes>wmv</InputTypes>
        <InputTypes>gif</InputTypes>
        <InputPostConversionAction>None</InputPostConversionAction>
        <Settings Key="EnableAudio" Value="True" />
        <Settings Key="VideoQuality" Value="27" />
        <Settings Key="VideoScale" Value="0.25" />
        <Settings Key="VideoRotation" Value="0" />
        <Settings Key="AudioBitrate" Value="190" />
        <Settings Key="EnableFFMPEGCustomCommand" Value="False" />
        <Settings Key="FFMPEGCustomCommand" Value="" />
        <OutputFileNameTemplate>(p)(f)</OutputFileNameTemplate>
    </ConversionPreset>
    <ConversionPreset Name="Scale 25%/To Png" OutputType="Png" IsDefaultSettings="true">
        <InputTypes>arw</InputTypes>
        <InputTypes>bmp</InputTypes>
        <InputTypes>cr2</InputTypes>
        <InputTypes>exr</InputTypes>
        <InputTypes>ico</InputTypes>
        <InputTypes>jpg</InputTypes>
        <InputTypes>jpeg</InputTypes>
        <InputTypes>raf</InputTypes>
        <InputTypes>png</InputTypes>
        <InputTypes>psd</InputTypes>
        <InputTypes>svg</InputTypes>
        <InputTypes>tga</InputTypes>
        <InputTypes>tif</InputTypes>
        <InputTypes>tiff</InputTypes>
        <InputTypes>xcf</InputTypes>
        <InputTypes>webp</InputTypes>
        <InputTypes>dng</InputTypes>
        <InputTypes>nef</InputTypes>
        <InputPostConversionAction>None</InputPostConversionAction>
        <Settings Key="ImageScale" Value="0.25" />
        <Settings Key="ImageRotation" Value="0" />
        <Settings Key="ImageClampSizePowerOf2" Value="False" />
        <Settings Key="ImageMaximumSize" Value="0" />
        <OutputFileNameTemplate>(p)(f)-small</OutputFileNameTemplate>
    </ConversionPreset>
    <ConversionPreset Name="Scale 25%/To Webp" OutputType="Webp" IsDefaultSettings="true">
        <InputTypes>arw</InputTypes>
        <InputTypes>bmp</InputTypes>
        <InputTypes>cr2</InputTypes>
        <InputTypes>exr</InputTypes>
        <InputTypes>ico</InputTypes>
        <InputTypes>jpg</InputTypes>
        <InputTypes>jpeg</InputTypes>
        <InputTypes>raf</InputTypes>
        <InputTypes>png</InputTypes>
        <InputTypes>psd</InputTypes>
        <InputTypes>svg</InputTypes>
        <InputTypes>tga</InputTypes>
        <InputTypes>tif</InputTypes>
        <InputTypes>tiff</InputTypes>
        <InputTypes>xcf</InputTypes>
        <InputTypes>webp</InputTypes>
        <InputTypes>dng</InputTypes>
        <InputTypes>nef</InputTypes>
        <InputPostConversionAction>None</InputPostConversionAction>
        <Settings Key="ImageQuality" Value="40" />
        <Settings Key="ImageScale" Value="0.25" />
        <Settings Key="ImageRotation" Value="0" />
        <Settings Key="ImageClampSizePowerOf2" Value="False" />
        <Settings Key="ImageMaximumSize" Value="0" />
        <OutputFileNameTemplate>(p)(f)</OutputFileNameTemplate>
    </ConversionPreset>
    <ConversionPreset Name="Scale 25%/To Jpg" OutputType="Jpg" IsDefaultSettings="true">
        <InputTypes>arw</InputTypes>
        <InputTypes>bmp</InputTypes>
        <InputTypes>cr2</InputTypes>
        <InputTypes>exr</InputTypes>
        <InputTypes>ico</InputTypes>
        <InputTypes>jpg</InputTypes>
        <InputTypes>jpeg</InputTypes>
        <InputTypes>raf</InputTypes>
        <InputTypes>png</InputTypes>
        <InputTypes>psd</InputTypes>
        <InputTypes>svg</InputTypes>
        <InputTypes>tga</InputTypes>
        <InputTypes>tif</InputTypes>
        <InputTypes>tiff</InputTypes>
        <InputTypes>xcf</InputTypes>
        <InputTypes>webp</InputTypes>
        <InputTypes>dng</InputTypes>
        <InputTypes>nef</InputTypes>
        <InputPostConversionAction>None</InputPostConversionAction>
        <Settings Key="ImageQuality" Value="40" />
        <Settings Key="ImageScale" Value="0.25" />
        <Settings Key="ImageRotation" Value="0" />
        <Settings Key="ImageClampSizePowerOf2" Value="False" />
        <Settings Key="ImageMaximumSize" Value="0" />
        <OutputFileNameTemplate>(p)(f)</OutputFileNameTemplate>
    </ConversionPreset>
    <ConversionPreset Name="Scale 720p/To Mkv" OutputType="Mkv" IsDefaultSettings="true">
        <InputTypes>3gp</InputTypes>
        <InputTypes>avi</InputTypes>
        <InputTypes>bik</InputTypes>
        <InputTypes>flv</InputTypes>
        <InputTypes>m4v</InputTypes>
        <InputTypes>mkv</InputTypes>
        <InputTypes>mov</InputTypes>
        <InputTypes>mp4</InputTypes>
        <InputTypes>mpeg</InputTypes>
        <InputTypes>ogv</InputTypes>
        <InputTypes>webm</InputTypes>
        <InputTypes>wmv</InputTypes>
        <InputTypes>gif</InputTypes>
        <InputPostConversionAction>None</InputPostConversionAction>
        <Settings Key="EnableAudio" Value="True" />
        <Settings Key="VideoQuality" Value="30" />
        <Settings Key="VideoEncodingSpeed" Value="Medium" />
        <Settings Key="VideoScale" Value="0.25" />
        <Settings Key="VideoRotation" Value="0" />
        <Settings Key="AudioBitrate" Value="155" />
        <Settings Key="EnableFFMPEGCustomCommand" Value="True" />
        <Settings Key="FFMPEGCustomCommand" Value="-c:v libx264 -preset medium -crf 21 -c:a aac -qscale:a 1.3 -vf &quot;scale=1280:720,format=yuv420p&quot;" />
        <OutputFileNameTemplate>(p)(f) (720p)</OutputFileNameTemplate>
    </ConversionPreset>
    <ConversionPreset Name="Scale 720p/To Mp4" OutputType="Mp4" IsDefaultSettings="true">
        <InputTypes>3gp</InputTypes>
        <InputTypes>avi</InputTypes>
        <InputTypes>bik</InputTypes>
        <InputTypes>flv</InputTypes>
        <InputTypes>m4v</InputTypes>
        <InputTypes>mkv</InputTypes>
        <InputTypes>mov</InputTypes>
        <InputTypes>mp4</InputTypes>
        <InputTypes>mpeg</InputTypes>
        <InputTypes>ogv</InputTypes>
        <InputTypes>webm</InputTypes>
        <InputTypes>wmv</InputTypes>
        <InputTypes>gif</InputTypes>
        <InputPostConversionAction>None</InputPostConversionAction>
        <Settings Key="EnableAudio" Value="True" />
        <Settings Key="VideoQuality" Value="28" />
        <Settings Key="VideoEncodingSpeed" Value="Medium" />
        <Settings Key="VideoScale" Value="1" />
        <Settings Key="VideoRotation" Value="0" />
        <Settings Key="AudioBitrate" Value="128" />
        <Settings Key="EnableFFMPEGCustomCommand" Value="True" />
        <Settings Key="FFMPEGCustomCommand" Value="-c:v libx264 -preset medium -crf 21 -c:a aac -qscale:a 1.3 -vf &quot;scale=1280:720,format=yuv420p&quot;" />
        <OutputFileNameTemplate>(p)(f) (720p)</OutputFileNameTemplate>
    </ConversionPreset>
    <ConversionPreset Name="Scale 720p/To Webm" OutputType="Webm" IsDefaultSettings="true">
        <InputTypes>3gp</InputTypes>
        <InputTypes>avi</InputTypes>
        <InputTypes>bik</InputTypes>
        <InputTypes>flv</InputTypes>
        <InputTypes>m4v</InputTypes>
        <InputTypes>mkv</InputTypes>
        <InputTypes>mov</InputTypes>
        <InputTypes>mp4</InputTypes>
        <InputTypes>mpeg</InputTypes>
        <InputTypes>ogv</InputTypes>
        <InputTypes>webm</InputTypes>
        <InputTypes>wmv</InputTypes>
        <InputTypes>gif</InputTypes>
        <InputPostConversionAction>None</InputPostConversionAction>
        <Settings Key="EnableAudio" Value="True" />
        <Settings Key="AudioBitrate" Value="160" />
        <Settings Key="VideoQuality" Value="40" />
        <Settings Key="VideoScale" Value="1" />
        <Settings Key="VideoRotation" Value="0" />
        <Settings Key="EnableFFMPEGCustomCommand" Value="True" />
        <Settings Key="FFMPEGCustomCommand" Value="-c:v libvpx-vp9 -crf 23 -b:v 0 -c:a libvorbis -qscale:a 5 -vf &quot;scale=1280:720,format=yuv420p&quot;" />
        <OutputFileNameTemplate>(p)(f) (720p)</OutputFileNameTemplate>
    </ConversionPreset>
    <ConversionPreset Name="Scale 720p/To Ogv" OutputType="Ogv" IsDefaultSettings="true">
        <InputTypes>3gp</InputTypes>
        <InputTypes>avi</InputTypes>
        <InputTypes>bik</InputTypes>
        <InputTypes>flv</InputTypes>
        <InputTypes>m4v</InputTypes>
        <InputTypes>mkv</InputTypes>
        <InputTypes>mov</InputTypes>
        <InputTypes>mp4</InputTypes>
        <InputTypes>mpeg</InputTypes>
        <InputTypes>ogv</InputTypes>
        <InputTypes>webm</InputTypes>
        <InputTypes>wmv</InputTypes>
        <InputTypes>gif</InputTypes>
        <InputPostConversionAction>None</InputPostConversionAction>
        <Settings Key="EnableAudio" Value="True" />
        <Settings Key="VideoQuality" Value="7" />
        <Settings Key="VideoScale" Value="1" />
        <Settings Key="VideoRotation" Value="0" />
        <Settings Key="AudioBitrate" Value="160" />
        <Settings Key="EnableFFMPEGCustomCommand" Value="True" />
        <Settings Key="FFMPEGCustomCommand" Value="-codec:v libtheora -qscale:v 8 -codec:a libvorbis -qscale:a 5 -vf &quot;scale=1280:720,format=yuv420p&quot;" />
        <OutputFileNameTemplate>(p)(f) (720p)</OutputFileNameTemplate>
    </ConversionPreset>
    <ConversionPreset Name="Scale 720p/To Avi" OutputType="Avi" IsDefaultSettings="true">
        <InputTypes>3gp</InputTypes>
        <InputTypes>avi</InputTypes>
        <InputTypes>bik</InputTypes>
        <InputTypes>flv</InputTypes>
        <InputTypes>m4v</InputTypes>
        <InputTypes>mkv</InputTypes>
        <InputTypes>mov</InputTypes>
        <InputTypes>mp4</InputTypes>
        <InputTypes>mpeg</InputTypes>
        <InputTypes>ogv</InputTypes>
        <InputTypes>webm</InputTypes>
        <InputTypes>wmv</InputTypes>
        <InputTypes>gif</InputTypes>
        <InputPostConversionAction>None</InputPostConversionAction>
        <Settings Key="EnableAudio" Value="True" />
        <Settings Key="VideoQuality" Value="20" />
        <Settings Key="VideoScale" Value="1" />
        <Settings Key="VideoRotation" Value="0" />
        <Settings Key="AudioBitrate" Value="190" />
        <Settings Key="EnableFFMPEGCustomCommand" Value="True" />
        <Settings Key="FFMPEGCustomCommand" Value="-c:v mpeg4 -vtag xvid -qscale:v 4 -c:a libmp3lame -qscale:a 2  -id3v2_version 3 -write_id3v1 1 -vf &quot;scale=1280:720,format=yuv420p&quot;" />
        <OutputFileNameTemplate>(p)(f) (720p)</OutputFileNameTemplate>
    </ConversionPreset>
    <ConversionPreset Name="Scale 1080p/To Mkv" OutputType="Mkv" IsDefaultSettings="true">
        <InputTypes>3gp</InputTypes>
        <InputTypes>avi</InputTypes>
        <InputTypes>bik</InputTypes>
        <InputTypes>flv</InputTypes>
        <InputTypes>m4v</InputTypes>
        <InputTypes>mkv</InputTypes>
        <InputTypes>mov</InputTypes>
        <InputTypes>mp4</InputTypes>
        <InputTypes>mpeg</InputTypes>
        <InputTypes>ogv</InputTypes>
        <InputTypes>webm</InputTypes>
        <InputTypes>wmv</InputTypes>
        <InputTypes>gif</InputTypes>
        <InputPostConversionAction>None</InputPostConversionAction>
        <Settings Key="EnableAudio" Value="True" />
        <Settings Key="VideoQuality" Value="30" />
        <Settings Key="VideoEncodingSpeed" Value="Medium" />
        <Settings Key="VideoScale" Value="0.25" />
        <Settings Key="VideoRotation" Value="0" />
        <Settings Key="AudioBitrate" Value="155" />
        <Settings Key="EnableFFMPEGCustomCommand" Value="True" />
        <Settings Key="FFMPEGCustomCommand" Value="-c:v libx264 -preset medium -crf 21 -c:a aac -qscale:a 1.3 -vf &quot;scale=1920:1080,format=yuv420p&quot;" />
        <OutputFileNameTemplate>(p)(f) (1080p)</OutputFileNameTemplate>
    </ConversionPreset>
    <ConversionPreset Name="Scale 1080p/To Mp4" OutputType="Mp4" IsDefaultSettings="true">
        <InputTypes>3gp</InputTypes>
        <InputTypes>avi</InputTypes>
        <InputTypes>bik</InputTypes>
        <InputTypes>flv</InputTypes>
        <InputTypes>m4v</InputTypes>
        <InputTypes>mkv</InputTypes>
        <InputTypes>mov</InputTypes>
        <InputTypes>mp4</InputTypes>
        <InputTypes>mpeg</InputTypes>
        <InputTypes>ogv</InputTypes>
        <InputTypes>webm</InputTypes>
        <InputTypes>wmv</InputTypes>
        <InputTypes>gif</InputTypes>
        <InputPostConversionAction>None</InputPostConversionAction>
        <Settings Key="EnableAudio" Value="True" />
        <Settings Key="VideoQuality" Value="28" />
        <Settings Key="VideoEncodingSpeed" Value="Medium" />
        <Settings Key="VideoScale" Value="1" />
        <Settings Key="VideoRotation" Value="0" />
        <Settings Key="AudioBitrate" Value="128" />
        <Settings Key="EnableFFMPEGCustomCommand" Value="True" />
        <Settings Key="FFMPEGCustomCommand" Value="-c:v libx264 -preset medium -crf 21 -c:a aac -qscale:a 1.3 -vf &quot;scale=1920:1080,format=yuv420p&quot;" />
        <OutputFileNameTemplate>(p)(f) (1080p)</OutputFileNameTemplate>
    </ConversionPreset>
    <ConversionPreset Name="Scale 1080p/To Webm" OutputType="Webm" IsDefaultSettings="true">
        <InputTypes>3gp</InputTypes>
        <InputTypes>avi</InputTypes>
        <InputTypes>bik</InputTypes>
        <InputTypes>flv</InputTypes>
        <InputTypes>m4v</InputTypes>
        <InputTypes>mkv</InputTypes>
        <InputTypes>mov</InputTypes>
        <InputTypes>mp4</InputTypes>
        <InputTypes>mpeg</InputTypes>
        <InputTypes>ogv</InputTypes>
        <InputTypes>webm</InputTypes>
        <InputTypes>wmv</InputTypes>
        <InputTypes>gif</InputTypes>
        <InputPostConversionAction>None</InputPostConversionAction>
        <Settings Key="EnableAudio" Value="True" />
        <Settings Key="AudioBitrate" Value="160" />
        <Settings Key="VideoQuality" Value="40" />
        <Settings Key="VideoScale" Value="1" />
        <Settings Key="VideoRotation" Value="0" />
        <Settings Key="EnableFFMPEGCustomCommand" Value="True" />
        <Settings Key="FFMPEGCustomCommand" Value="-c:v libvpx-vp9 -crf 23 -b:v 0 -c:a libvorbis -qscale:a 5 -vf &quot;scale=1920:1080,format=yuv420p&quot;" />
        <OutputFileNameTemplate>(p)(f) (1080p)</OutputFileNameTemplate>
    </ConversionPreset>
    <ConversionPreset Name="Scale 1080p/To Ogv" OutputType="Ogv" IsDefaultSettings="true">
        <InputTypes>3gp</InputTypes>
        <InputTypes>avi</InputTypes>
        <InputTypes>bik</InputTypes>
        <InputTypes>flv</InputTypes>
        <InputTypes>m4v</InputTypes>
        <InputTypes>mkv</InputTypes>
        <InputTypes>mov</InputTypes>
        <InputTypes>mp4</InputTypes>
        <InputTypes>mpeg</InputTypes>
        <InputTypes>ogv</InputTypes>
        <InputTypes>webm</InputTypes>
        <InputTypes>wmv</InputTypes>
        <InputTypes>gif</InputTypes>
        <InputPostConversionAction>None</InputPostConversionAction>
        <Settings Key="EnableAudio" Value="True" />
        <Settings Key="VideoQuality" Value="7" />
        <Settings Key="VideoScale" Value="1" />
        <Settings Key="VideoRotation" Value="0" />
        <Settings Key="AudioBitrate" Value="160" />
        <Settings Key="EnableFFMPEGCustomCommand" Value="True" />
        <Settings Key="FFMPEGCustomCommand" Value="-codec:v libtheora -qscale:v 8 -codec:a libvorbis -qscale:a 5 -vf &quot;scale=1920:1080,format=yuv420p&quot;" />
        <OutputFileNameTemplate>(p)(f) (1080p)</OutputFileNameTemplate>
    </ConversionPreset>
    <ConversionPreset Name="Scale 1080p/To Avi" OutputType="Avi" IsDefaultSettings="true">
        <InputTypes>3gp</InputTypes>
        <InputTypes>avi</InputTypes>
        <InputTypes>bik</InputTypes>
        <InputTypes>flv</InputTypes>
        <InputTypes>m4v</InputTypes>
        <InputTypes>mkv</InputTypes>
        <InputTypes>mov</InputTypes>
        <InputTypes>mp4</InputTypes>
        <InputTypes>mpeg</InputTypes>
        <InputTypes>ogv</InputTypes>
        <InputTypes>webm</InputTypes>
        <InputTypes>wmv</InputTypes>
        <InputTypes>gif</InputTypes>
        <InputPostConversionAction>None</InputPostConversionAction>
        <Settings Key="EnableAudio" Value="True" />
        <Settings Key="VideoQuality" Value="20" />
        <Settings Key="VideoScale" Value="1" />
        <Settings Key="VideoRotation" Value="0" />
        <Settings Key="AudioBitrate" Value="190" />
        <Settings Key="EnableFFMPEGCustomCommand" Value="True" />
        <Settings Key="FFMPEGCustomCommand" Value="-c:v mpeg4 -vtag xvid -qscale:v 4 -c:a libmp3lame -qscale:a 2  -id3v2_version 3 -write_id3v1 1 -vf &quot;scale=1920:1080,format=yuv420p&quot;" />
        <OutputFileNameTemplate>(p)(f) (1080p)</OutputFileNameTemplate>
    </ConversionPreset>
    <ConversionPreset Name="Rotate left/To Mkv" OutputType="Mkv" IsDefaultSettings="true">
        <InputTypes>3gp</InputTypes>
        <InputTypes>avi</InputTypes>
        <InputTypes>bik</InputTypes>
        <InputTypes>flv</InputTypes>
        <InputTypes>m4v</InputTypes>
        <InputTypes>mkv</InputTypes>
        <InputTypes>mov</InputTypes>
        <InputTypes>mp4</InputTypes>
        <InputTypes>mpeg</InputTypes>
        <InputTypes>ogv</InputTypes>
        <InputTypes>webm</InputTypes>
        <InputTypes>wmv</InputTypes>
        <InputTypes>gif</InputTypes>
        <InputPostConversionAction>None</InputPostConversionAction>
        <Settings Key="EnableAudio" Value="True" />
        <Settings Key="VideoQuality" Value="30" />
        <Settings Key="VideoEncodingSpeed" Value="Medium" />
        <Settings Key="VideoScale" Value="1" />
        <Settings Key="VideoRotation" Value="90" />
        <Settings Key="AudioBitrate" Value="155" />
        <Settings Key="EnableFFMPEGCustomCommand" Value="False" />
        <Settings Key="FFMPEGCustomCommand" Value="" />
        <OutputFileNameTemplate>(p)(f)</OutputFileNameTemplate>
    </ConversionPreset>
    <ConversionPreset Name="Rotate left/To Mp4" OutputType="Mp4" IsDefaultSettings="true">
        <InputTypes>gif</InputTypes>
        <InputTypes>3gp</InputTypes>
        <InputTypes>avi</InputTypes>
        <InputTypes>bik</InputTypes>
        <InputTypes>flv</InputTypes>
        <InputTypes>m4v</InputTypes>
        <InputTypes>mkv</InputTypes>
        <InputTypes>mov</InputTypes>
        <InputTypes>mp4</InputTypes>
        <InputTypes>mpeg</InputTypes>
        <InputTypes>ogv</InputTypes>
        <InputTypes>webm</InputTypes>
        <InputTypes>wmv</InputTypes>
        <InputPostConversionAction>None</InputPostConversionAction>
        <Settings Key="EnableAudio" Value="True" />
        <Settings Key="VideoQuality" Value="30" />
        <Settings Key="VideoEncodingSpeed" Value="Medium" />
        <Settings Key="VideoScale" Value="1" />
        <Settings Key="VideoRotation" Value="90" />
        <Settings Key="AudioBitrate" Value="155" />
        <Settings Key="EnableFFMPEGCustomCommand" Value="False" />
        <Settings Key="FFMPEGCustomCommand" Value="" />
        <OutputFileNameTemplate>(p)(f)</OutputFileNameTemplate>
    </ConversionPreset>
    <ConversionPreset Name="Rotate left/To Mp4 (low quality)" OutputType="Mp4" IsDefaultSettings="true">
        <InputTypes>3gp</InputTypes>
        <InputTypes>avi</InputTypes>
        <InputTypes>bik</InputTypes>
        <InputTypes>flv</InputTypes>
        <InputTypes>m4v</InputTypes>
        <InputTypes>mkv</InputTypes>
        <InputTypes>mov</InputTypes>
        <InputTypes>mp4</InputTypes>
        <InputTypes>mpeg</InputTypes>
        <InputTypes>ogv</InputTypes>
        <InputTypes>webm</InputTypes>
        <InputTypes>wmv</InputTypes>
        <InputTypes>gif</InputTypes>
        <InputPostConversionAction>None</InputPostConversionAction>
        <Settings Key="EnableAudio" Value="True" />
        <Settings Key="VideoQuality" Value="20" />
        <Settings Key="VideoEncodingSpeed" Value="Medium" />
        <Settings Key="VideoScale" Value="1" />
        <Settings Key="VideoRotation" Value="90" />
        <Settings Key="AudioBitrate" Value="96" />
        <Settings Key="EnableFFMPEGCustomCommand" Value="False" />
        <Settings Key="FFMPEGCustomCommand" Value="" />
        <OutputFileNameTemplate>(p)(f)</OutputFileNameTemplate>
    </ConversionPreset>
    <ConversionPreset Name="Rotate left/To Webm" OutputType="Webm" IsDefaultSettings="true">
        <InputTypes>avi</InputTypes>
        <InputTypes>bik</InputTypes>
        <InputTypes>flv</InputTypes>
        <InputTypes>mkv</InputTypes>
        <InputTypes>mov</InputTypes>
        <InputTypes>mp4</InputTypes>
        <InputTypes>3gp</InputTypes>
        <InputTypes>webm</InputTypes>
        <InputTypes>wmv</InputTypes>
        <InputTypes>m4v</InputTypes>
        <InputTypes>mpeg</InputTypes>
        <InputTypes>ogv</InputTypes>
        <InputTypes>gif</InputTypes>
        <InputPostConversionAction>None</InputPostConversionAction>
        <Settings Key="EnableAudio" Value="True" />
        <Settings Key="AudioBitrate" Value="160" />
        <Settings Key="VideoQuality" Value="40" />
        <Settings Key="VideoScale" Value="1" />
        <Settings Key="VideoRotation" Value="90" />
        <Settings Key="EnableFFMPEGCustomCommand" Value="False" />
        <Settings Key="FFMPEGCustomCommand" Value="" />
        <OutputFileNameTemplate>(p)(f)</OutputFileNameTemplate>
    </ConversionPreset>
    <ConversionPreset Name="Rotate left/To Ogv" OutputType="Ogv" IsDefaultSettings="true">
        <InputTypes>3gp</InputTypes>
        <InputTypes>avi</InputTypes>
        <InputTypes>bik</InputTypes>
        <InputTypes>flv</InputTypes>
        <InputTypes>m4v</InputTypes>
        <InputTypes>mkv</InputTypes>
        <InputTypes>mov</InputTypes>
        <InputTypes>mp4</InputTypes>
        <InputTypes>mpeg</InputTypes>
        <InputTypes>ogv</InputTypes>
        <InputTypes>webm</InputTypes>
        <InputTypes>wmv</InputTypes>
        <InputTypes>gif</InputTypes>
        <InputPostConversionAction>None</InputPostConversionAction>
        <Settings Key="EnableAudio" Value="True" />
        <Settings Key="VideoQuality" Value="8" />
        <Settings Key="VideoScale" Value="1" />
        <Settings Key="VideoRotation" Value="90" />
        <Settings Key="AudioBitrate" Value="160" />
        <Settings Key="EnableFFMPEGCustomCommand" Value="False" />
        <Settings Key="FFMPEGCustomCommand" Value="" />
        <OutputFileNameTemplate>(p)(f)</OutputFileNameTemplate>
    </ConversionPreset>
    <ConversionPreset Name="Rotate left/To Avi" OutputType="Avi" IsDefaultSettings="true">
        <InputTypes>gif</InputTypes>
        <InputTypes>3gp</InputTypes>
        <InputTypes>avi</InputTypes>
        <InputTypes>bik</InputTypes>
        <InputTypes>flv</InputTypes>
        <InputTypes>m4v</InputTypes>
        <InputTypes>mkv</InputTypes>
        <InputTypes>mov</InputTypes>
        <InputTypes>mp4</InputTypes>
        <InputTypes>mpeg</InputTypes>
        <InputTypes>ogv</InputTypes>
        <InputTypes>webm</InputTypes>
        <InputTypes>wmv</InputTypes>
        <InputPostConversionAction>None</InputPostConversionAction>
        <Settings Key="EnableAudio" Value="True" />
        <Settings Key="VideoQuality" Value="27" />
        <Settings Key="VideoScale" Value="1" />
        <Settings Key="VideoRotation" Value="90" />
        <Settings Key="AudioBitrate" Value="190" />
        <Settings Key="EnableFFMPEGCustomCommand" Value="False" />
        <Settings Key="FFMPEGCustomCommand" Value="" />
        <OutputFileNameTemplate>(p)(f)</OutputFileNameTemplate>
    </ConversionPreset>
    <ConversionPreset Name="Rotate left/To Png" OutputType="Png" IsDefaultSettings="true">
        <InputTypes>arw</InputTypes>
        <InputTypes>bmp</InputTypes>
        <InputTypes>cr2</InputTypes>
        <InputTypes>exr</InputTypes>
        <InputTypes>ico</InputTypes>
        <InputTypes>jpg</InputTypes>
        <InputTypes>jpeg</InputTypes>
        <InputTypes>raf</InputTypes>
        <InputTypes>png</InputTypes>
        <InputTypes>psd</InputTypes>
        <InputTypes>svg</InputTypes>
        <InputTypes>tga</InputTypes>
        <InputTypes>tif</InputTypes>
        <InputTypes>tiff</InputTypes>
        <InputTypes>webp</InputTypes>
        <InputTypes>dng</InputTypes>
        <InputTypes>nef</InputTypes>
        <InputPostConversionAction>None</InputPostConversionAction>
        <Settings Key="ImageScale" Value="1" />
        <Settings Key="ImageRotation" Value="90" />
        <Settings Key="ImageClampSizePowerOf2" Value="False" />
        <Settings Key="ImageMaximumSize" Value="0" />
        <OutputFileNameTemplate>(p)(f)</OutputFileNameTemplate>
    </ConversionPreset>
    <ConversionPreset Name="Rotate left/To Webp" OutputType="Webp" IsDefaultSettings="true">
        <InputTypes>arw</InputTypes>
        <InputTypes>bmp</InputTypes>
        <InputTypes>cr2</InputTypes>
        <InputTypes>exr</InputTypes>
        <InputTypes>ico</InputTypes>
        <InputTypes>jpg</InputTypes>
        <InputTypes>jpeg</InputTypes>
        <InputTypes>raf</InputTypes>
        <InputTypes>png</InputTypes>
        <InputTypes>psd</InputTypes>
        <InputTypes>svg</InputTypes>
        <InputTypes>tga</InputTypes>
        <InputTypes>tif</InputTypes>
        <InputTypes>tiff</InputTypes>
        <InputTypes>xcf</InputTypes>
        <InputTypes>webp</InputTypes>
        <InputTypes>dng</InputTypes>
        <InputTypes>nef</InputTypes>
        <InputPostConversionAction>None</InputPostConversionAction>
        <Settings Key="ImageQuality" Value="40" />
        <Settings Key="ImageScale" Value="1" />
        <Settings Key="ImageRotation" Value="90" />
        <Settings Key="ImageClampSizePowerOf2" Value="False" />
        <Settings Key="ImageMaximumSize" Value="0" />
        <OutputFileNameTemplate>(p)(f)</OutputFileNameTemplate>
    </ConversionPreset>
    <ConversionPreset Name="Rotate left/To Jpg" OutputType="Jpg" IsDefaultSettings="true">
        <InputTypes>arw</InputTypes>
        <InputTypes>bmp</InputTypes>
        <InputTypes>cr2</InputTypes>
        <InputTypes>exr</InputTypes>
        <InputTypes>ico</InputTypes>
        <InputTypes>jpg</InputTypes>
        <InputTypes>jpeg</InputTypes>
        <InputTypes>raf</InputTypes>
        <InputTypes>png</InputTypes>
        <InputTypes>psd</InputTypes>
        <InputTypes>svg</InputTypes>
        <InputTypes>tga</InputTypes>
        <InputTypes>tif</InputTypes>
        <InputTypes>tiff</InputTypes>
        <InputTypes>xcf</InputTypes>
        <InputTypes>webp</InputTypes>
        <InputTypes>dng</InputTypes>
        <InputTypes>nef</InputTypes>
        <InputPostConversionAction>None</InputPostConversionAction>
        <Settings Key="ImageQuality" Value="40" />
        <Settings Key="ImageScale" Value="1" />
        <Settings Key="ImageRotation" Value="90" />
        <Settings Key="ImageClampSizePowerOf2" Value="False" />
        <Settings Key="ImageMaximumSize" Value="0" />
        <OutputFileNameTemplate>(p)(f)</OutputFileNameTemplate>
    </ConversionPreset>
    <ConversionPreset Name="Rotate right/To Mkv" OutputType="Mkv" IsDefaultSettings="true">
        <InputTypes>3gp</InputTypes>
        <InputTypes>avi</InputTypes>
        <InputTypes>bik</InputTypes>
        <InputTypes>flv</InputTypes>
        <InputTypes>m4v</InputTypes>
        <InputTypes>mkv</InputTypes>
        <InputTypes>mov</InputTypes>
        <InputTypes>mp4</InputTypes>
        <InputTypes>mpeg</InputTypes>
        <InputTypes>ogv</InputTypes>
        <InputTypes>webm</InputTypes>
        <InputTypes>wmv</InputTypes>
        <InputTypes>gif</InputTypes>
        <InputPostConversionAction>None</InputPostConversionAction>
        <Settings Key="EnableAudio" Value="True" />
        <Settings Key="VideoQuality" Value="30" />
        <Settings Key="VideoEncodingSpeed" Value="Medium" />
        <Settings Key="VideoScale" Value="1" />
        <Settings Key="VideoRotation" Value="270" />
        <Settings Key="AudioBitrate" Value="155" />
        <Settings Key="EnableFFMPEGCustomCommand" Value="False" />
        <Settings Key="FFMPEGCustomCommand" Value="" />
        <OutputFileNameTemplate>(p)(f)</OutputFileNameTemplate>
    </ConversionPreset>
    <ConversionPreset Name="Rotate right/To Mp4" OutputType="Mp4" IsDefaultSettings="true">
        <InputTypes>avi</InputTypes>
        <InputTypes>bik</InputTypes>
        <InputTypes>flv</InputTypes>
        <InputTypes>mkv</InputTypes>
        <InputTypes>mov</InputTypes>
        <InputTypes>mp4</InputTypes>
        <InputTypes>3gp</InputTypes>
        <InputTypes>webm</InputTypes>
        <InputTypes>wmv</InputTypes>
        <InputTypes>m4v</InputTypes>
        <InputTypes>mpeg</InputTypes>
        <InputTypes>ogv</InputTypes>
        <InputTypes>gif</InputTypes>
        <InputPostConversionAction>None</InputPostConversionAction>
        <Settings Key="EnableAudio" Value="True" />
        <Settings Key="VideoQuality" Value="30" />
        <Settings Key="VideoEncodingSpeed" Value="Medium" />
        <Settings Key="VideoScale" Value="1" />
        <Settings Key="VideoRotation" Value="270" />
        <Settings Key="AudioBitrate" Value="155" />
        <Settings Key="EnableFFMPEGCustomCommand" Value="False" />
        <Settings Key="FFMPEGCustomCommand" Value="" />
        <OutputFileNameTemplate>(p)(f)</OutputFileNameTemplate>
    </ConversionPreset>
    <ConversionPreset Name="Rotate right/To Mp4 (low quality)" OutputType="Mp4" IsDefaultSettings="true">
        <InputTypes>3gp</InputTypes>
        <InputTypes>avi</InputTypes>
        <InputTypes>bik</InputTypes>
        <InputTypes>flv</InputTypes>
        <InputTypes>m4v</InputTypes>
        <InputTypes>mkv</InputTypes>
        <InputTypes>mov</InputTypes>
        <InputTypes>mp4</InputTypes>
        <InputTypes>mpeg</InputTypes>
        <InputTypes>ogv</InputTypes>
        <InputTypes>webm</InputTypes>
        <InputTypes>wmv</InputTypes>
        <InputTypes>gif</InputTypes>
        <InputPostConversionAction>None</InputPostConversionAction>
        <Settings Key="EnableAudio" Value="True" />
        <Settings Key="VideoQuality" Value="20" />
        <Settings Key="VideoEncodingSpeed" Value="Medium" />
        <Settings Key="VideoScale" Value="1" />
        <Settings Key="VideoRotation" Value="270" />
        <Settings Key="AudioBitrate" Value="96" />
        <Settings Key="EnableFFMPEGCustomCommand" Value="False" />
        <Settings Key="FFMPEGCustomCommand" Value="" />
        <OutputFileNameTemplate>(p)(f)</OutputFileNameTemplate>
    </ConversionPreset>
    <ConversionPreset Name="Rotate right/To Webm" OutputType="Webm" IsDefaultSettings="true">
        <InputTypes>avi</InputTypes>
        <InputTypes>bik</InputTypes>
        <InputTypes>flv</InputTypes>
        <InputTypes>mkv</InputTypes>
        <InputTypes>mov</InputTypes>
        <InputTypes>mp4</InputTypes>
        <InputTypes>3gp</InputTypes>
        <InputTypes>webm</InputTypes>
        <InputTypes>wmv</InputTypes>
        <InputTypes>m4v</InputTypes>
        <InputTypes>mpeg</InputTypes>
        <InputTypes>ogv</InputTypes>
        <InputTypes>gif</InputTypes>
        <InputPostConversionAction>None</InputPostConversionAction>
        <Settings Key="EnableAudio" Value="True" />
        <Settings Key="AudioBitrate" Value="160" />
        <Settings Key="VideoQuality" Value="40" />
        <Settings Key="VideoScale" Value="1" />
        <Settings Key="VideoRotation" Value="270" />
        <Settings Key="EnableFFMPEGCustomCommand" Value="False" />
        <Settings Key="FFMPEGCustomCommand" Value="" />
        <OutputFileNameTemplate>(p)(f)</OutputFileNameTemplate>
    </ConversionPreset>
    <ConversionPreset Name="Rotate right/To Ogv" OutputType="Ogv" IsDefaultSettings="true">
        <InputTypes>3gp</InputTypes>
        <InputTypes>avi</InputTypes>
        <InputTypes>bik</InputTypes>
        <InputTypes>flv</InputTypes>
        <InputTypes>m4v</InputTypes>
        <InputTypes>mkv</InputTypes>
        <InputTypes>mov</InputTypes>
        <InputTypes>mp4</InputTypes>
        <InputTypes>mpeg</InputTypes>
        <InputTypes>ogv</InputTypes>
        <InputTypes>webm</InputTypes>
        <InputTypes>wmv</InputTypes>
        <InputTypes>gif</InputTypes>
        <InputPostConversionAction>None</InputPostConversionAction>
        <Settings Key="EnableAudio" Value="True" />
        <Settings Key="VideoQuality" Value="8" />
        <Settings Key="VideoScale" Value="1" />
        <Settings Key="VideoRotation" Value="270" />
        <Settings Key="AudioBitrate" Value="160" />
        <Settings Key="EnableFFMPEGCustomCommand" Value="False" />
        <Settings Key="FFMPEGCustomCommand" Value="" />
        <OutputFileNameTemplate>(p)(f)</OutputFileNameTemplate>
    </ConversionPreset>
    <ConversionPreset Name="Rotate right/To Avi" OutputType="Avi" IsDefaultSettings="true">
        <InputTypes>gif</InputTypes>
        <InputTypes>3gp</InputTypes>
        <InputTypes>avi</InputTypes>
        <InputTypes>bik</InputTypes>
        <InputTypes>flv</InputTypes>
        <InputTypes>m4v</InputTypes>
        <InputTypes>mkv</InputTypes>
        <InputTypes>mov</InputTypes>
        <InputTypes>mp4</InputTypes>
        <InputTypes>mpeg</InputTypes>
        <InputTypes>ogv</InputTypes>
        <InputTypes>webm</InputTypes>
        <InputTypes>wmv</InputTypes>
        <InputPostConversionAction>None</InputPostConversionAction>
        <Settings Key="EnableAudio" Value="True" />
        <Settings Key="VideoQuality" Value="27" />
        <Settings Key="VideoScale" Value="1" />
        <Settings Key="VideoRotation" Value="270" />
        <Settings Key="AudioBitrate" Value="190" />
        <Settings Key="EnableFFMPEGCustomCommand" Value="False" />
        <Settings Key="FFMPEGCustomCommand" Value="" />
        <OutputFileNameTemplate>(p)(f)</OutputFileNameTemplate>
    </ConversionPreset>
    <ConversionPreset Name="Rotate right/To Png" OutputType="Png" IsDefaultSettings="true">
        <InputTypes>arw</InputTypes>
        <InputTypes>bmp</InputTypes>
        <InputTypes>cr2</InputTypes>
        <InputTypes>exr</InputTypes>
        <InputTypes>ico</InputTypes>
        <InputTypes>jpg</InputTypes>
        <InputTypes>jpeg</InputTypes>
        <InputTypes>raf</InputTypes>
        <InputTypes>png</InputTypes>
        <InputTypes>psd</InputTypes>
        <InputTypes>svg</InputTypes>
        <InputTypes>tga</InputTypes>
        <InputTypes>tif</InputTypes>
        <InputTypes>tiff</InputTypes>
        <InputTypes>webp</InputTypes>
        <InputTypes>dng</InputTypes>
        <InputTypes>nef</InputTypes>
        <InputPostConversionAction>None</InputPostConversionAction>
        <Settings Key="ImageScale" Value="1" />
        <Settings Key="ImageRotation" Value="270" />
        <Settings Key="ImageClampSizePowerOf2" Value="False" />
        <Settings Key="ImageMaximumSize" Value="0" />
        <OutputFileNameTemplate>(p)(f)</OutputFileNameTemplate>
    </ConversionPreset>
    <ConversionPreset Name="Rotate right/To Webp" OutputType="Webp" IsDefaultSettings="true">
        <InputTypes>arw</InputTypes>
        <InputTypes>bmp</InputTypes>
        <InputTypes>cr2</InputTypes>
        <InputTypes>exr</InputTypes>
        <InputTypes>ico</InputTypes>
        <InputTypes>jpg</InputTypes>
        <InputTypes>jpeg</InputTypes>
        <InputTypes>raf</InputTypes>
        <InputTypes>png</InputTypes>
        <InputTypes>psd</InputTypes>
        <InputTypes>svg</InputTypes>
        <InputTypes>tga</InputTypes>
        <InputTypes>tif</InputTypes>
        <InputTypes>tiff</InputTypes>
        <InputTypes>xcf</InputTypes>
        <InputTypes>webp</InputTypes>
        <InputTypes>dng</InputTypes>
        <InputTypes>nef</InputTypes>
        <InputPostConversionAction>None</InputPostConversionAction>
        <Settings Key="ImageQuality" Value="40" />
        <Settings Key="ImageScale" Value="1" />
        <Settings Key="ImageRotation" Value="270" />
        <Settings Key="ImageClampSizePowerOf2" Value="False" />
        <Settings Key="ImageMaximumSize" Value="0" />
        <OutputFileNameTemplate>(p)(f)</OutputFileNameTemplate>
    </ConversionPreset>
    <ConversionPreset Name="Rotate right/To Jpg" OutputType="Jpg" IsDefaultSettings="true">
        <InputTypes>arw</InputTypes>
        <InputTypes>bmp</InputTypes>
        <InputTypes>cr2</InputTypes>
        <InputTypes>exr</InputTypes>
        <InputTypes>ico</InputTypes>
        <InputTypes>jpg</InputTypes>
        <InputTypes>jpeg</InputTypes>
        <InputTypes>raf</InputTypes>
        <InputTypes>png</InputTypes>
        <InputTypes>psd</InputTypes>
        <InputTypes>svg</InputTypes>
        <InputTypes>tga</InputTypes>
        <InputTypes>tif</InputTypes>
        <InputTypes>tiff</InputTypes>
        <InputTypes>xcf</InputTypes>
        <InputTypes>webp</InputTypes>
        <InputTypes>dng</InputTypes>
        <InputTypes>nef</InputTypes>
        <InputPostConversionAction>None</InputPostConversionAction>
        <Settings Key="ImageQuality" Value="40" />
        <Settings Key="ImageScale" Value="1" />
        <Settings Key="ImageRotation" Value="270" />
        <Settings Key="ImageClampSizePowerOf2" Value="False" />
        <Settings Key="ImageMaximumSize" Value="0" />
        <OutputFileNameTemplate>(p)(f)</OutputFileNameTemplate>
    </ConversionPreset>
    <CheckUpgradeAtStartup>true</CheckUpgradeAtStartup>
</Settings>